id,label,node_type,zbetween_central,zdeg_central,zpagerank
0,"Monkhorst, Hendrik J.",Author,0.0,0.00173913043478,0.00102727844508
1,"Pack, James D.",Author,0.0,0.00173913043478,0.00102727844508
2,"Schlegel, David J.",Author,0.0,0.00173913043478,0.000848161729492
3,"Finkbeiner, Douglas P.",Author,0.0,0.00173913043478,0.000848161729492
4,"Davis, Marc",Author,0.0,0.00173913043478,0.000848161729492
5,"Riess, Adam G.",Author,0.00310587434928,0.00347826086957,0.00142598618231
6,"Filippenko, Alexei V.",Author,0.00310587434928,0.00347826086957,0.00142598618231
7,"Challis, Peter",Author,0.00310587434928,0.00347826086957,0.00142598618231
8,"Clocchiatti, Alejandro",Author,0.0,0.00173913043478,0.000838241119484
9,"Diercks, Alan",Author,0.0,0.00173913043478,0.000838241119484
10,"Garnavich, Peter M.",Author,0.0,0.00173913043478,0.000838241119484
11,"Gilliland, Ron L.",Author,0.0,0.00173913043478,0.000838241119484
12,"Hogan, Craig J.",Author,0.0,0.00173913043478,0.000838241119484
13,"Jha, Saurabh",Author,0.00310587434928,0.00347826086957,0.00142598618231
14,"Kirshner, Robert P.",Author,0.00310587434928,0.00347826086957,0.00142598618231
15,"Leibundgut, B.",Author,0.0,0.00173913043478,0.000838241119484
16,"Phillips, M. M.",Author,0.0,0.00173913043478,0.000838241119484
17,"Reiss, David",Author,0.0,0.00173913043478,0.000838241119484
18,"Schmidt, Brian P.",Author,0.0,0.00173913043478,0.000838241119484
19,"Schommer, Robert A.",Author,0.0,0.00173913043478,0.000838241119484
20,"Smith, R. Chris",Author,0.0,0.00173913043478,0.000838241119484
21,"Spyromilio, J.",Author,0.0,0.00173913043478,0.000838241119484
22,"Stubbs, Christopher",Author,0.0,0.00173913043478,0.000838241119484
23,"Suntzeff, Nicholas B.",Author,0.0,0.00173913043478,0.000838241119484
24,"Tonry, John",Author,0.00310587434928,0.00347826086957,0.00142598618231
25,"Kresse, G.",Author,0.0,0.00173913043478,0.00102727844508
26,"Hafner, J.",Author,0.0,0.00173913043478,0.00102727844508
27,"Spergel, D. N.",Author,0.0,0.00173913043478,0.000928786654459
28,"Verde, L.",Author,0.0,0.00173913043478,0.000928786654459
29,"Peiris, H. V.",Author,0.0,0.00173913043478,0.000928786654459
30,"Komatsu, E.",Author,0.0,0.00173913043478,0.000928786654459
31,"Nolta, M. R.",Author,0.0,0.00173913043478,0.000928786654459
32,"Bennett, C. L.",Author,0.0,0.00173913043478,0.000928786654459
33,"Halpern, M.",Author,0.0,0.00173913043478,0.000928786654459
34,"Hinshaw, G.",Author,0.0,0.00173913043478,0.000928786654459
35,"Jarosik, N.",Author,0.0,0.00173913043478,0.000928786654459
36,"Kogut, A.",Author,0.0,0.00173913043478,0.000928786654459
37,"Limon, M.",Author,0.0,0.00173913043478,0.000928786654459
38,"Meyer, S. S.",Author,0.0,0.00173913043478,0.000928786654459
39,"Page, L.",Author,0.0,0.00173913043478,0.000928786654459
40,"Tucker, G. S.",Author,0.0,0.00173913043478,0.000928786654459
41,"Weiland, J. L.",Author,0.0,0.00173913043478,0.000928786654459
42,"Wollack, E.",Author,0.0,0.00173913043478,0.000928786654459
43,"Wright, E. L.",Author,0.0,0.00173913043478,0.000928786654459
44,"Shakura, N. I.",Author,0.0,0.00173913043478,0.000955641101175
45,"Sunyaev, R. A.",Author,0.0,0.00173913043478,0.000955641101175
46,"Geim, A. K.",Author,1.21193758521e-05,0.00347826086957,0.00225389863548
47,"Novoselov, K. S.",Author,0.0,0.00173913043478,0.00121832358674
48,"Anders, Edward",Author,0.0,0.00173913043478,0.00104048099268
49,"Grevesse, Nicolas",Author,0.00399939403121,0.00347826086957,0.00162469168036
50,"Cardelli, Jason A.",Author,0.0,0.00173913043478,0.000848161729492
51,"Clayton, Geoffrey C.",Author,0.0,0.00173913043478,0.000848161729492
52,"Mathis, John S.",Author,0.0,0.00173913043478,0.000848161729492
53,"Bean, R.",Author,0.0,0.00173913043478,0.000928786654459
54,"Doré, O.",Author,0.0,0.00173913043478,0.000928786654459
55,"Dunkley, J.",Author,0.0,0.00173913043478,0.000928786654459
56,"Hill, R. S.",Author,0.0,0.00173913043478,0.000928786654459
57,"Odegard, N.",Author,0.0,0.00173913043478,0.000928786654459
58,"Smith, K. M.",Author,0.0,0.00173913043478,0.000928786654459
59,"Gold, B.",Author,0.0,0.00173913043478,0.000928786654459
60,"Larson, D.",Author,0.0,0.00173913043478,0.000928786654459
61,"Navarro, Julio F.",Author,0.0,0.00173913043478,0.000848161729492
62,"Frenk, Carlos S.",Author,0.017052403192,0.00347826086957,0.00150005334866
63,"White, Simon D. M.",Author,0.0230506758409,0.00521739130435,0.00207803322717
64,"Johnson, P. B.",Author,0.0,0.00173913043478,0.00102727844508
65,"Christy, R. W.",Author,0.0,0.00173913043478,0.00102727844508
66,"Hawking, S. W.",Author,7.87759430389e-05,0.00347826086957,0.00176955169987
67,"Hasan, M. Z.",Author,0.0,0.00173913043478,0.000942684553686
68,"Kane, C. L.",Author,0.00618088168459,0.00347826086957,0.00164627294566
69,"Bertin, E.",Author,0.0,0.00173913043478,0.00101841803676
70,"Arnouts, S.",Author,0.0,0.00173913043478,0.00101841803676
71,"Salpeter, Edwin E.",Author,0.0,0.00173913043478,0.000848161729492
72,"Bruzual, G.",Author,0.0,0.00173913043478,0.000838396545174
73,"Charlot, S.",Author,0.0,0.00173913043478,0.000838396545174
74,"Albert, Réka",Author,0.0,0.00173913043478,0.000942684553686
75,"Barabási, Albert-László",Author,0.0,0.00173913043478,0.000942684553686
76,"Binney, James",Author,0.0,0.00173913043478,0.000915640751368
77,"Tremaine, Scott",Author,0.011956442926,0.00521739130435,0.00208121026701
78,"Žutić, Igor",Author,0.0,0.00173913043478,0.000942684553686
79,"Fabian, Jaroslav",Author,0.0,0.00173913043478,0.000942684553686
80,"Das Sarma, S.",Author,0.0,0.00173913043478,0.000942684553686
81,"Arkani-Hamed, Nima",Author,2.22188557289e-05,0.00347826086957,0.00153852321542
82,"Dimopoulos, Savas",Author,2.22188557289e-05,0.00347826086957,0.00153852321542
83,"Dvali, Gia",Author,2.22188557289e-05,0.00347826086957,0.00153852321542
84,"Ando, Tsuneya",Author,0.0,0.00173913043478,0.000942684553686
85,"Fowler, Alan B.",Author,0.0,0.00173913043478,0.000942684553686
86,"Stern, Frank",Author,0.0,0.00173913043478,0.000942684553686
87,"Chandrasekhar, S.",Author,0.0,0.00173913043478,0.000942684553686
88,"Stetson, Peter B.",Author,0.0288138160885,0.00347826086957,0.00154729908598
89,"Landolt, Arlo U.",Author,0.0,0.00173913043478,0.000838241119484
90,"Peebles, Phillip James Edwin",Author,0.0,0.00173913043478,0.000915640751368
91,"Kroto, H. W.",Author,0.0,0.00173913043478,0.000912308285833
92,"Heath, J. R.",Author,0.0,0.00173913043478,0.000912308285833
93,"O'Brien, S. C.",Author,0.0,0.00173913043478,0.000912308285833
94,"Curl, R. F.",Author,0.0,0.00173913043478,0.000912308285833
95,"Smalley, R. E.",Author,0.0,0.00173913043478,0.000912308285833
96,"Kennicutt, Robert C., Jr.",Author,0.00383537999673,0.00347826086957,0.00143237241717
97,"Barnes, C.",Author,0.0,0.00173913043478,0.000928786654459
98,"Greason, M. R.",Author,0.0,0.00173913043478,0.000928786654459
99,"Qi, Xiao-Liang",Author,0.0,0.00173913043478,0.000942684553686
100,"Zhang, Shou-Cheng",Author,0.0,0.00173913043478,0.000942684553686
101,"Bloch, Immanuel",Author,0.0,0.00173913043478,0.000942684553686
102,"Dalibard, Jean",Author,0.0,0.00173913043478,0.000942684553686
103,"Zwerger, Wilhelm",Author,0.0,0.00173913043478,0.000942684553686
104,"Georges, Antoine",Author,0.00591425541585,0.00347826086957,0.00164773753447
105,"Kotliar, Gabriel",Author,0.0,0.00173913043478,0.000942684553686
106,"Krauth, Werner",Author,0.0,0.00173913043478,0.000942684553686
107,"Rozenberg, Marcelo J.",Author,0.0,0.00173913043478,0.000942684553686
108,"Dickey, J. M.",Author,0.0,0.00173913043478,0.000844627354347
109,"Lockman, F. J.",Author,0.0,0.00173913043478,0.000844627354347
110,"Payne, M. C.",Author,0.0,0.00173913043478,0.000942684553686
111,"Teter, M. P.",Author,0.0,0.00173913043478,0.000942684553686
112,"Allan, D. C.",Author,0.0,0.00173913043478,0.000942684553686
113,"Arias, T. A.",Author,0.0,0.00173913043478,0.000942684553686
114,"Joannopoulos, J. D.",Author,0.0,0.00173913043478,0.000942684553686
115,"Kurucz, R. L.",Author,0.0,0.00173913043478,0.000928786654459
116,"Rodríguez-Carvajal, Juan",Author,0.0,0.00173913043478,0.00173611111111
117,"Imada, Masatoshi",Author,0.0,0.00173913043478,0.000942684553686
118,"Fujimori, Atsushi",Author,0.0,0.00173913043478,0.000942684553686
119,"Tokura, Yoshinori",Author,0.0,0.00173913043478,0.000942684553686
120,"Press, William H.",Author,0.0,0.00173913043478,0.000848161729492
121,"Schechter, Paul",Author,0.0,0.00173913043478,0.000848161729492
122,"Osterbrock, Donald E.",Author,0.0,0.00173913043478,0.000915640751368
123,"Condon, J. J.",Author,0.0,0.00173913043478,0.000838241119484
124,"Cotton, W. D.",Author,0.0,0.00173913043478,0.000838241119484
125,"Greisen, E. W.",Author,0.0,0.00173913043478,0.000838241119484
126,"Yin, Q. F.",Author,0.0,0.00173913043478,0.000838241119484
127,"Perley, R. A.",Author,0.0,0.00173913043478,0.000838241119484
128,"Taylor, G. B.",Author,0.0,0.00173913043478,0.000838241119484
129,"Broderick, J. J.",Author,0.0,0.00173913043478,0.000838241119484
130,"Laughlin, R. B.",Author,0.0,0.00173913043478,0.000964005058639
131,"Bak, Per",Author,0.0,0.00173913043478,0.000964005058639
132,"Tang, Chao",Author,0.0,0.00173913043478,0.000964005058639
133,"Wiesenfeld, Kurt",Author,0.0,0.00173913043478,0.000964005058639
134,"Spitzer, Lyman",Author,0.0,0.00173913043478,0.000915640751368
135,"Bekenstein, Jacob D.",Author,0.0,0.00173913043478,0.000908910155458
136,"Weinberg, Steven",Author,0.0,0.00173913043478,0.000942684553686
137,"Binder, K.",Author,0.0,0.00173913043478,0.000942684553686
138,"Young, A. P.",Author,0.0,0.00173913043478,0.000942684553686
139,"Scargle, J. D.",Author,0.0,0.00173913043478,0.000848161729492
140,"Brans, C.",Author,0.0,0.00173913043478,0.00102727844508
141,"Dicke, R. H.",Author,0.0,0.00173913043478,0.00102727844508
142,"Chabrier, Gilles",Author,0.0,0.00173913043478,0.00095955402315
143,"Arnaud, K. A.",Author,0.0,0.00173913043478,0.00173611111111
144,"Strolger, Louis-Gregory",Author,0.0,0.00173913043478,0.000848161729492
145,"Casertano, Stefano",Author,0.0,0.00173913043478,0.000848161729492
146,"Ferguson, Henry C.",Author,0.00243523385967,0.00347826086957,0.001426141608
147,"Mobasher, Bahram",Author,0.0,0.00173913043478,0.000848161729492
148,"Li, Weidong",Author,0.0,0.00173913043478,0.000848161729492
149,"Chornock, Ryan",Author,0.0,0.00173913043478,0.000848161729492
150,"Leibundgut, Bruno",Author,0.0,0.00173913043478,0.000848161729492
151,"Dickinson, Mark",Author,0.0,0.00173913043478,0.000848161729492
152,"Livio, Mario",Author,0.0,0.00173913043478,0.000848161729492
153,"Giavalisco, Mauro",Author,0.00243523385967,0.00347826086957,0.001426141608
154,"Steidel, Charles C.",Author,0.00243523385967,0.00347826086957,0.001426141608
155,"Benítez, Txitxo",Author,0.0,0.00173913043478,0.000848161729492
156,"Tsvetanov, Zlatan",Author,0.0,0.00173913043478,0.000848161729492
157,"Draine, B. T.",Author,0.0,0.00173913043478,0.000848161729492
158,"Lee, H. M.",Author,0.0,0.00173913043478,0.000848161729492
159,"Onsager, Lars",Author,0.0,0.00173913043478,0.00102727844508
160,"Olive, K. A.",Author,0.0,0.00173913043478,0.00121832358674
161,Particle Data Group,Author,1.21193758521e-05,0.00347826086957,0.00225389863548
162,"Copeland, Edmund J.",Author,0.0,0.00173913043478,0.00120448661159
163,"Sami, M.",Author,0.0,0.00173913043478,0.00120448661159
164,"Tsujikawa, Shinji",Author,0.0,0.00173913043478,0.00120448661159
165,"Springel, Volker",Author,0.00356303878922,0.00347826086957,0.00149028816434
166,"Harris, William E.",Author,0.0,0.00173913043478,0.000838241119484
167,"Johnson, Harold L.",Author,0.0,0.00173913043478,0.000844627354347
168,"Slater, J. C.",Author,0.0,0.00173913043478,0.00102727844508
169,"Koster, G. F.",Author,0.0,0.00173913043478,0.00102727844508
170,"Ferrarese, Laura",Author,0.0,0.00173913043478,0.000848161729492
171,"Merritt, David",Author,0.0,0.00173913043478,0.000848161729492
172,"Asplund, Martin",Author,0.0,0.00173913043478,0.000844627354347
173,"Sauval, A. Jacques",Author,0.0,0.00173913043478,0.000844627354347
174,"Scott, Pat",Author,0.0,0.00173913043478,0.000844627354347
175,"Bardeen, J. M.",Author,0.0,0.00173913043478,0.000848161729492
176,"Bond, J. R.",Author,0.0,0.00173913043478,0.000848161729492
177,"Kaiser, N.",Author,0.0,0.00173913043478,0.000848161729492
178,"Szalay, A. S.",Author,0.0,0.00173913043478,0.000848161729492
179,"Peebles, P. J.",Author,0.0,0.00173913043478,0.000942684553686
180,"Ratra, Bharat",Author,0.0,0.00173913043478,0.000942684553686
181,"Kroupa, Pavel",Author,0.0,0.00173913043478,0.000838396545174
182,"Mele, E. J.",Author,0.0,0.00173913043478,0.000964005058639
183,"Jungman, G.",Author,0.0,0.00173913043478,0.000965469647454
184,"Kamionkowski, M.",Author,0.0,0.00173913043478,0.000965469647454
185,"Griest, K.",Author,0.0,0.00173913043478,0.000965469647454
186,"Mathis, J. S.",Author,0.00383537999673,0.00347826086957,0.00143237241717
187,"Rumpl, W.",Author,0.0,0.00173913043478,0.000848161729492
188,"Nordsieck, K. H.",Author,0.0,0.00173913043478,0.000848161729492
189,"Klitzing, K. V.",Author,0.0,0.00173913043478,0.000964005058639
190,"Dorda, G.",Author,0.0,0.00173913043478,0.000964005058639
191,"Pepper, M.",Author,0.0,0.00173913043478,0.000964005058639
192,"Woosley, S. E.",Author,0.0,0.00173913043478,0.000928786654459
193,"Weaver, Thomas A.",Author,0.0,0.00173913043478,0.000928786654459
194,"Balbus, Steven A.",Author,0.0,0.00173913043478,0.000848161729492
195,"Hawley, John F.",Author,0.0,0.00173913043478,0.000848161729492
196,"Antonucci, R.",Author,0.0,0.00173913043478,0.000844627354347
197,"Jenkins, Adrian",Author,0.0,0.00173913043478,0.000912308285833
198,"Yoshida, Naoki",Author,0.0,0.00173913043478,0.000912308285833
199,"Gao, Liang",Author,0.0,0.00173913043478,0.000912308285833
200,"Navarro, Julio",Author,0.0,0.00173913043478,0.000912308285833
201,"Thacker, Robert",Author,0.0,0.00173913043478,0.000912308285833
202,"Croton, Darren",Author,0.0,0.00173913043478,0.000912308285833
203,"Helly, John",Author,0.0,0.00173913043478,0.000912308285833
204,"Peacock, John A.",Author,0.0,0.00173913043478,0.000912308285833
205,"Cole, Shaun",Author,0.0,0.00173913043478,0.000912308285833
206,"Thomas, Peter",Author,0.0,0.00173913043478,0.000912308285833
207,"Couchman, Hugh",Author,0.0,0.00173913043478,0.000912308285833
208,"Evrard, August",Author,0.0,0.00173913043478,0.000912308285833
209,"Colberg, Jörg",Author,0.0,0.00173913043478,0.000912308285833
210,"Pearce, Frazer",Author,0.0,0.00173913043478,0.000912308285833
211,"Magorrian, John",Author,0.00310587434928,0.00347826086957,0.00142598618231
212,"Richstone, Douglas",Author,0.00900435948306,0.00521739130435,0.00201019686999
213,"Bender, Ralf",Author,0.00310587434928,0.00347826086957,0.00142598618231
214,"Bower, Gary",Author,0.00310587434928,0.00347826086957,0.00142598618231
215,"Dressler, Alan",Author,0.00310587434928,0.00347826086957,0.00142598618231
216,"Faber, S. M.",Author,0.00310587434928,0.00347826086957,0.00142598618231
217,"Gebhardt, Karl",Author,0.00310587434928,0.00347826086957,0.00142598618231
218,"Green, Richard",Author,0.00310587434928,0.00347826086957,0.00142598618231
219,"Grillmair, Carl",Author,0.00310587434928,0.00347826086957,0.00142598618231
220,"Kormendy, John",Author,0.00900435948306,0.00521739130435,0.00201019686999
221,"Lauer, Tod",Author,0.0,0.00173913043478,0.000838241119484
222,"Freedman, Wendy L.",Author,0.0,0.00173913043478,0.000848161729492
223,"Madore, Barry F.",Author,0.0,0.00173913043478,0.000848161729492
224,"Gibson, Brad K.",Author,0.0,0.00173913043478,0.000848161729492
225,"Kelson, Daniel D.",Author,0.0,0.00173913043478,0.000848161729492
226,"Sakai, Shoko",Author,0.0,0.00173913043478,0.000848161729492
227,"Mould, Jeremy R.",Author,0.0,0.00173913043478,0.000848161729492
228,"Ford, Holland C.",Author,0.0,0.00173913043478,0.000848161729492
229,"Graham, John A.",Author,0.0,0.00173913043478,0.000848161729492
230,"Huchra, John P.",Author,0.0,0.00173913043478,0.000848161729492
231,"Hughes, Shaun M. G.",Author,0.0,0.00173913043478,0.000848161729492
232,"Illingworth, Garth D.",Author,0.0,0.00173913043478,0.000848161729492
233,"Macri, Lucas M.",Author,0.0,0.00173913043478,0.000848161729492
234,"Ho, Luis C.",Author,0.0,0.00173913043478,0.000848161729492
235,"Lauer, Tod R.",Author,0.0,0.00173913043478,0.000848161729492
236,"Pinkney, Jason",Author,0.0,0.00173913043478,0.000848161729492
237,"Gunn, James E.",Author,0.0,0.00173913043478,0.000848161729492
238,"Gott, J. Richard, III",Author,0.0,0.00173913043478,0.000848161729492
239,"Bohlin, R. C.",Author,0.0,0.00173913043478,0.000848161729492
240,"Savage, B. D.",Author,0.00383537999673,0.00347826086957,0.00143237241717
241,"Drake, J. F.",Author,0.0,0.00173913043478,0.000848161729492
242,"Urry, C. Megan",Author,0.0,0.00173913043478,0.00095955402315
243,"Padovani, Paolo",Author,0.0,0.00173913043478,0.00095955402315
244,"Schaller, G.",Author,0.0,0.00173913043478,0.00101841803676
245,"Schaerer, D.",Author,0.0,0.00173913043478,0.00101841803676
246,"Meynet, G.",Author,0.0,0.00173913043478,0.00101841803676
247,"Maeder, A.",Author,0.0,0.00173913043478,0.00101841803676
248,"Leitherer, Claus",Author,0.0,0.00173913043478,0.000928786654459
249,"Schaerer, Daniel",Author,0.0,0.00173913043478,0.000928786654459
250,"Goldader, Jeffrey D.",Author,0.0,0.00173913043478,0.000928786654459
251,"Delgado, Rosa M. González",Author,0.0,0.00173913043478,0.000928786654459
252,"Robert, Carmelle",Author,0.0,0.00173913043478,0.000928786654459
253,"Kune, Denis Foo",Author,0.0,0.00173913043478,0.000928786654459
254,"de Mello, Duília F.",Author,0.0,0.00173913043478,0.000928786654459
255,"Devost, Daniel",Author,0.0,0.00173913043478,0.000928786654459
256,"Heckman, Timothy M.",Author,0.0489792377871,0.00521739130435,0.00209451159579
257,"Berenger, Jean-Pierre",Author,0.0,0.00173913043478,0.00173611111111
258,"Bhatnagar, P. L.",Author,0.0,0.00173913043478,0.00102727844508
259,"Gross, E. P.",Author,0.0,0.00173913043478,0.00102727844508
260,"Krook, M.",Author,0.0,0.00173913043478,0.00102727844508
261,"Dressler, A.",Author,0.0,0.00173913043478,0.000848161729492
262,ESA,Author,0.0,0.00173913043478,0.00173611111111
263,"Schechter, P.",Author,0.0,0.00173913043478,0.000848161729492
264,"Baldwin, J. A.",Author,0.0,0.00173913043478,0.00095955402315
265,"Phillips, M.",Author,0.0,0.00173913043478,0.00095955402315
266,"Terlevich, R.",Author,0.0,0.00173913043478,0.00095955402315
267,"White, S. D. M.",Author,0.00243523385967,0.00347826086957,0.001426141608
268,"Rees, M. J.",Author,0.0,0.00173913043478,0.000838396545174
269,"Rieke, G. H.",Author,0.0307200663376,0.00347826086957,0.00151653171728
270,"Lebofsky, M. J.",Author,0.0,0.00173913043478,0.000848161729492
271,"Metzler, Ralf",Author,0.0,0.00173913043478,0.000965469647454
272,"Klafter, Joseph",Author,0.0,0.00173913043478,0.000965469647454
273,"Unruh, W. G.",Author,0.0,0.00173913043478,0.000908910155458
274,"Blandford, R. D.",Author,0.0,0.00173913043478,0.000838396545174
275,"Payne, D. G.",Author,0.0,0.00173913043478,0.000838396545174
276,"Boccaletti, S.",Author,0.0,0.00173913043478,0.000965469647454
277,"Latora, V.",Author,0.0,0.00173913043478,0.000965469647454
278,"Moreno, Y.",Author,0.0,0.00173913043478,0.000965469647454
279,"Chavez, M.",Author,0.0,0.00173913043478,0.000965469647454
280,"Hwang, D. -U.",Author,0.0,0.00173913043478,0.000965469647454
281,"Znajek, R. L.",Author,0.0,0.00173913043478,0.000838396545174
282,"Toomre, A.",Author,0.0,0.00173913043478,0.000848161729492
283,"Kitaev, A. Yu.",Author,0.0,0.00173913043478,0.00173611111111
284,"Toomre, Alar",Author,0.0,0.00173913043478,0.000848161729492
285,"Toomre, Juri",Author,0.0,0.00173913043478,0.000848161729492
286,"Calzetti, Daniela",Author,0.0,0.00173913043478,0.000848161729492
287,"Armus, Lee",Author,0.0,0.00173913043478,0.000848161729492
288,"Bohlin, Ralph C.",Author,0.0,0.00173913043478,0.000848161729492
289,"Kinney, Anne L.",Author,0.0,0.00173913043478,0.000848161729492
290,"Koornneef, Jan",Author,0.0,0.00173913043478,0.000848161729492
291,"Storchi-Bergmann, Thaisa",Author,0.0,0.00173913043478,0.000848161729492
292,"Shapiro, Stuart Louis",Author,0.0,0.00173913043478,0.000915640751368
293,"Teukolsky, Saul Arno",Author,0.0,0.00173913043478,0.000915640751368
294,"Davis, M.",Author,0.0,0.00173913043478,0.000848161729492
295,"Efstathiou, G.",Author,0.0,0.00173913043478,0.000848161729492
296,"Frenk, C. S.",Author,0.00243523385967,0.00347826086957,0.001426141608
297,"Bjorken, J. D.",Author,0.0,0.00173913043478,0.000908910155458
298,"Nayak, Chetan",Author,0.0,0.00173913043478,0.000942684553686
299,"Simon, Steven H.",Author,0.0,0.00173913043478,0.000942684553686
300,"Stern, Ady",Author,0.0,0.00173913043478,0.000942684553686
301,"Freedman, Michael",Author,0.0,0.00173913043478,0.000942684553686
302,"Das Sarma, Sankar",Author,0.0,0.00173913043478,0.000942684553686
303,"Bertone, Gianfranco",Author,0.0,0.00173913043478,0.000965469647454
304,"Hooper, Dan",Author,0.0,0.00173913043478,0.000965469647454
305,"Silk, Joseph",Author,0.0,0.00173913043478,0.000965469647454
306,"Croton, Darren J.",Author,0.0,0.00173913043478,0.000838396545174
307,"De Lucia, G.",Author,0.0,0.00173913043478,0.000838396545174
308,"Gao, L.",Author,0.0,0.00173913043478,0.000838396545174
309,"Jenkins, A.",Author,0.0,0.00173913043478,0.000838396545174
310,"Kauffmann, G.",Author,0.0,0.00173913043478,0.000838396545174
311,"Navarro, J. F.",Author,0.0,0.00173913043478,0.000838396545174
312,"Yoshida, N.",Author,0.0,0.00173913043478,0.000838396545174
313,"Shu, F. H.",Author,0.0,0.00173913043478,0.000844627354347
314,"Adams, F. C.",Author,0.0,0.00173913043478,0.000844627354347
315,"Lizano, S.",Author,0.0,0.00173913043478,0.000844627354347
316,"Fukugita, M.",Author,0.0,0.00173913043478,0.000838241119484
317,"Ichikawa, T.",Author,0.0,0.00173913043478,0.000838241119484
318,"Gunn, J. E.",Author,0.0,0.00173913043478,0.000838241119484
319,"Doi, M.",Author,0.0,0.00173913043478,0.000838241119484
320,"Shimasaku, K.",Author,0.0,0.00173913043478,0.000838241119484
321,"Schneider, D. P.",Author,0.0,0.00173913043478,0.000838241119484
322,"Baraffe, I.",Author,0.0,0.00173913043478,0.000955641101175
323,"Chabrier, G.",Author,0.0,0.00173913043478,0.000955641101175
324,"Allard, F.",Author,0.0,0.00173913043478,0.000955641101175
325,"Hauschildt, P. H.",Author,0.0,0.00173913043478,0.000955641101175
326,"Padmanabhan, T.",Author,0.0,0.00173913043478,0.000965469647454
327,"Burstein, D.",Author,0.0,0.00173913043478,0.000838241119484
328,"Heiles, C.",Author,0.0,0.00173913043478,0.000838241119484
329,"Stacey, J. S.",Author,0.0,0.00173913043478,0.00133739273647
330,"Kramers, J. D.",Author,0.0,0.00173913043478,0.00133739273647
331,"Morrison, R.",Author,0.0,0.00173913043478,0.000848161729492
332,"McCammon, D.",Author,0.0,0.00173913043478,0.000848161729492
333,"Wiringa, R. B.",Author,0.0,0.00173913043478,0.00120448661159
334,"Stoks, V. G. J.",Author,0.0,0.00173913043478,0.00120448661159
335,"Schiavilla, R.",Author,0.0,0.00173913043478,0.00120448661159
336,"Duquennoy, A.",Author,0.0,0.00173913043478,0.000955641101175
337,"Mayor, M.",Author,0.0,0.00173913043478,0.000955641101175
338,"van Wees, B. J.",Author,0.0,0.00173913043478,0.000964005058639
339,"van Houten, H.",Author,0.0,0.00173913043478,0.000964005058639
340,"Beenakker, C. W. J.",Author,0.0,0.00173913043478,0.000964005058639
341,"Williamson, J. G.",Author,0.0,0.00173913043478,0.000964005058639
342,"Kouwenhoven, L. P.",Author,0.0,0.00173913043478,0.000964005058639
343,"van der Marel, D.",Author,0.0,0.00173913043478,0.000964005058639
344,"Foxon, C. T.",Author,0.0,0.00173913043478,0.000964005058639
345,"Sanders, D. B.",Author,0.00383537999673,0.00347826086957,0.00143237241717
346,"Mirabel, I. F.",Author,0.0,0.00173913043478,0.000844627354347
347,"Mayor, Michel",Author,0.0,0.00173913043478,0.000912308285833
348,"Queloz, Didier",Author,0.0,0.00173913043478,0.000912308285833
349,"Witten, Edward",Author,0.0,0.00173913043478,0.000908910155458
350,"Wu, F. Y.",Author,0.0,0.00173913043478,0.000942684553686
351,"Perryman, M. A. C.",Author,0.0,0.00173913043478,0.000955641101175
352,"Lindegren, L.",Author,0.0,0.00173913043478,0.000955641101175
353,"Kovalevsky, J.",Author,0.0,0.00173913043478,0.000955641101175
354,"Hoeg, E.",Author,0.0,0.00173913043478,0.000955641101175
355,"Bastian, U.",Author,0.0,0.00173913043478,0.000955641101175
356,"Bernacca, P. L.",Author,0.0,0.00173913043478,0.000955641101175
357,"Crézé, M.",Author,0.0,0.00173913043478,0.000955641101175
358,"Donati, F.",Author,0.0,0.00173913043478,0.000955641101175
359,"Grenon, M.",Author,0.0,0.00173913043478,0.000955641101175
360,"Grewing, M.",Author,0.0,0.00173913043478,0.000955641101175
361,"van Leeuwen, F.",Author,0.0,0.00173913043478,0.000955641101175
362,"van der Marel, H.",Author,0.0,0.00173913043478,0.000955641101175
363,"Mignard, F.",Author,0.0,0.00173913043478,0.000955641101175
364,"Murray, C. A.",Author,0.0,0.00173913043478,0.000955641101175
365,"Le Poole, R. S.",Author,0.0,0.00173913043478,0.000955641101175
366,"Schrijver, H.",Author,0.0,0.00173913043478,0.000955641101175
367,"Turon, C.",Author,0.0,0.00173913043478,0.000955641101175
368,"Arenou, F.",Author,0.0,0.00173913043478,0.000955641101175
369,"Froeschlé, M.",Author,0.0,0.00173913043478,0.000955641101175
370,"Petersen, C. S.",Author,0.0,0.00173913043478,0.000955641101175
371,"Moore, Ben",Author,0.0,0.00173913043478,0.000848161729492
372,"Ghigna, Sebastiano",Author,0.0,0.00173913043478,0.000848161729492
373,"Governato, Fabio",Author,0.0,0.00173913043478,0.000848161729492
374,"Lake, George",Author,0.0,0.00173913043478,0.000848161729492
375,"Quinn, Thomas",Author,0.0,0.00173913043478,0.000848161729492
376,"Stadel, Joachim",Author,0.0,0.00173913043478,0.000848161729492
377,"Tozzi, Paolo",Author,0.0,0.00173913043478,0.000848161729492
378,"Bouchaud, Jean-Philippe",Author,0.0,0.00173913043478,0.000965469647454
379,"Mlawer, Eli J.",Author,0.0,0.00173913043478,0.00109816171168
380,"Taubman, Steven J.",Author,0.0,0.00173913043478,0.00109816171168
381,"Brown, Patrick D.",Author,0.0,0.00173913043478,0.00109816171168
382,"Iacono, Michael J.",Author,0.0,0.00173913043478,0.00109816171168
383,"Clough, Shepard A.",Author,0.0,0.00173913043478,0.00109816171168
384,"Freeman, K. C.",Author,0.0,0.00173913043478,0.000848161729492
385,"Wallace, P. R.",Author,0.0,0.00173913043478,0.00102727844508
386,"Mihalas, Dimitri",Author,0.0,0.00173913043478,0.000915640751368
387,"Lodders, Katharina",Author,0.0,0.00173913043478,0.000848161729492
388,"Burbidge, E. Margaret",Author,0.0,0.00173913043478,0.000942684553686
389,"Burbidge, G. R.",Author,0.0,0.00173913043478,0.000942684553686
390,"Fowler, William A.",Author,0.0,0.00173913043478,0.000942684553686
391,"Hoyle, F.",Author,0.0,0.00173913043478,0.000942684553686
392,"Blöchl, Peter E.",Author,0.0,0.00173913043478,0.00102727844508
393,"Jepsen, O.",Author,0.0,0.00173913043478,0.00102727844508
394,"Andersen, O. K.",Author,0.0,0.00173913043478,0.00102727844508
395,"King, Ivan R.",Author,0.0,0.00173913043478,0.000838241119484
396,"Gotze, W.",Author,0.0,0.00173913043478,0.00133739273647
397,"Sjogren, L.",Author,0.0,0.00173913043478,0.00133739273647
398,"Bruzual A., Gustavo",Author,0.0,0.00173913043478,0.000848161729492
399,"Charlot, Stephane",Author,0.0,0.00173913043478,0.000848161729492
400,"Goldreich, Peter",Author,0.0,0.00173913043478,0.000848161729492
401,"Julian, William H.",Author,0.0,0.00173913043478,0.000848161729492
402,"Werner, M. W.",Author,0.0,0.00173913043478,0.000928786654459
403,"Roellig, T. L.",Author,0.0,0.00173913043478,0.000928786654459
404,"Low, F. J.",Author,0.0,0.00173913043478,0.000928786654459
405,"Rieke, M.",Author,0.0,0.00173913043478,0.000928786654459
406,"Hoffmann, W. F.",Author,0.0,0.00173913043478,0.000928786654459
407,"Young, E.",Author,0.0,0.00173913043478,0.000928786654459
408,"Houck, J. R.",Author,0.0,0.00173913043478,0.000928786654459
409,"Brandl, B.",Author,0.0,0.00173913043478,0.000928786654459
410,"Fazio, G. G.",Author,0.0,0.00173913043478,0.000928786654459
411,"Hora, J. L.",Author,0.0,0.00173913043478,0.000928786654459
412,"Gehrz, R. D.",Author,0.0,0.00173913043478,0.000928786654459
413,"Helou, G.",Author,0.0,0.00173913043478,0.000928786654459
414,"Soifer, B. T.",Author,0.0307200663376,0.00347826086957,0.00151653171728
415,"Stauffer, J.",Author,0.0,0.00173913043478,0.000928786654459
416,"Keene, J.",Author,0.0,0.00173913043478,0.000928786654459
417,"Eisenhardt, P.",Author,0.0,0.00173913043478,0.000928786654459
418,"Gallagher, D.",Author,0.0,0.00173913043478,0.000928786654459
419,"Gautier, T. N.",Author,0.0,0.00173913043478,0.000928786654459
420,"Irace, W.",Author,0.0,0.00173913043478,0.000928786654459
421,"Lawrence, C. R.",Author,0.0,0.00173913043478,0.000928786654459
422,"Simmons, L.",Author,0.0,0.00173913043478,0.000928786654459
423,"Van Cleve, J. E.",Author,0.0,0.00173913043478,0.000928786654459
424,"Jura, M.",Author,0.0,0.00173913043478,0.000928786654459
425,"Cruikshank, D. P.",Author,0.0,0.00173913043478,0.000928786654459
426,"Iglesias, Carlos A.",Author,0.0,0.00173913043478,0.000848161729492
427,"Rogers, Forrest J.",Author,0.0,0.00173913043478,0.000848161729492
428,"Wilson, Robert E.",Author,0.0,0.00173913043478,0.000848161729492
429,"Devinney, Edward J.",Author,0.0,0.00173913043478,0.000848161729492
430,"Lewenstein, M.",Author,0.0,0.00173913043478,0.00109816171168
431,"Balcou, Ph.",Author,0.0,0.00173913043478,0.00109816171168
432,"Ivanov, M. Yu.",Author,0.0,0.00173913043478,0.00109816171168
433,"L'huillier, Anne",Author,0.0,0.00173913043478,0.00109816171168
434,"Corkum, P. B.",Author,0.0,0.00173913043478,0.00109816171168
435,"Vernazza, J. E.",Author,0.0,0.00173913043478,0.000928786654459
436,"Avrett, E. H.",Author,0.0,0.00173913043478,0.000928786654459
437,"Leoser, R.",Author,0.0,0.00173913043478,0.000928786654459
438,"Girardi, L.",Author,0.0,0.00173913043478,0.00101841803676
439,"Bressan, A.",Author,0.0,0.00173913043478,0.00101841803676
440,"Bertelli, G.",Author,0.0,0.00173913043478,0.00101841803676
441,"Chiosi, C.",Author,0.0,0.00173913043478,0.00101841803676
442,"Mateo, Mario L.",Author,0.0,0.00173913043478,0.000844627354347
443,"Tremonti, Christy A.",Author,0.0,0.00173913043478,0.000848161729492
444,"Kauffmann, Guinevere",Author,0.00243523385967,0.00347826086957,0.001426141608
445,"Brinchmann, Jarle",Author,0.00243523385967,0.00347826086957,0.001426141608
446,"Charlot, Stéphane",Author,0.00243523385967,0.00347826086957,0.001426141608
447,"Seibert, Mark",Author,0.0,0.00173913043478,0.000848161729492
448,"Peng, Eric W.",Author,0.0,0.00173913043478,0.000848161729492
449,"Uomoto, Alan",Author,0.0,0.00173913043478,0.000848161729492
450,"Fukugita, Masataka",Author,0.00243523385967,0.00347826086957,0.001426141608
451,"Brinkmann, Jon",Author,0.00243523385967,0.00347826086957,0.001426141608
452,"Zurek, Wojciech Hubert",Author,0.0,0.00173913043478,0.000942684553686
453,"Madau, Piero",Author,0.0,0.00173913043478,0.000838396545174
454,"Dickinson, Mark E.",Author,0.0,0.00173913043478,0.000838396545174
455,"Fruchter, Andrew",Author,0.0,0.00173913043478,0.000838396545174
456,"Eggen, O. J.",Author,0.0,0.00173913043478,0.000848161729492
457,"Lynden-Bell, D.",Author,0.00243523385967,0.00347826086957,0.001426141608
458,"Sandage, A. R.",Author,0.0,0.00173913043478,0.000848161729492
459,"Parker, E. N.",Author,0.00681911110149,0.00347826086957,0.00150338581419
460,"Hernquist, Lars",Author,0.0,0.00173913043478,0.000848161729492
461,"Gibbons, G. W.",Author,0.0,0.00173913043478,0.000908910155458
462,"Ferland, G. J.",Author,0.0,0.00173913043478,0.00095955402315
463,"Korista, K. T.",Author,0.0,0.00173913043478,0.00095955402315
464,"Verner, D. A.",Author,0.0,0.00173913043478,0.00095955402315
465,"Ferguson, J. W.",Author,0.0,0.00173913043478,0.00095955402315
466,"Kingdon, J. B.",Author,0.0,0.00173913043478,0.00095955402315
467,"Verner, E. M.",Author,0.0,0.00173913043478,0.00095955402315
468,"Bessell, M. S.",Author,0.0,0.00173913043478,0.00095955402315
469,"Brett, J. M.",Author,0.0,0.00173913043478,0.00095955402315
470,"Elias, J. H.",Author,0.0,0.00173913043478,0.000848161729492
471,"Madore, B. F.",Author,0.0,0.00173913043478,0.000848161729492
472,"Matthews, K.",Author,0.0,0.00173913043478,0.000848161729492
473,"Neugebauer, G.",Author,0.0,0.00173913043478,0.000848161729492
474,"Scoville, N. Z.",Author,0.0,0.00173913043478,0.000848161729492
475,"Sheth, Ravi K.",Author,0.0,0.00173913043478,0.000838396545174
476,"Tormen, Giuseppe",Author,0.0,0.00173913043478,0.000838396545174
477,"Shifman, M. A.",Author,0.0,0.00173913043478,0.00109816171168
478,"Vainshtein, A. I.",Author,0.0,0.00173913043478,0.00109816171168
479,"Zakharov, V. I.",Author,0.0,0.00173913043478,0.00109816171168
480,"Edvardsson, B.",Author,0.0,0.00173913043478,0.000955641101175
481,"Andersen, J.",Author,0.0,0.00173913043478,0.000955641101175
482,"Gustafsson, B.",Author,0.0,0.00173913043478,0.000955641101175
483,"Lambert, D. L.",Author,0.0,0.00173913043478,0.000955641101175
484,"Nissen, P. E.",Author,0.0,0.00173913043478,0.000955641101175
485,"Tomkin, J.",Author,0.0,0.00173913043478,0.000955641101175
486,"Scherrer, P. H.",Author,0.0,0.00173913043478,0.00100001565023
487,"Bogart, R. S.",Author,0.0,0.00173913043478,0.00100001565023
488,"Bush, R. I.",Author,0.0,0.00173913043478,0.00100001565023
489,"Hoeksema, J. T.",Author,0.0,0.00173913043478,0.00100001565023
490,"Kosovichev, A. G.",Author,0.0,0.00173913043478,0.00100001565023
491,"Schou, J.",Author,0.0,0.00173913043478,0.00100001565023
492,"Rosenberg, W.",Author,0.0,0.00173913043478,0.00100001565023
493,"Springer, L.",Author,0.0,0.00173913043478,0.00100001565023
494,"Tarbell, T. D.",Author,0.0,0.00173913043478,0.00100001565023
495,"Title, A.",Author,0.0,0.00173913043478,0.00100001565023
496,"Wolfson, C. J.",Author,0.0,0.00173913043478,0.00100001565023
497,"Zayer, I.",Author,0.0,0.00173913043478,0.00100001565023
498,MDI Engineering Team,Author,0.0,0.00173913043478,0.00100001565023
499,"Tully, R. B.",Author,0.0,0.00173913043478,0.000955641101175
500,"Fisher, J. R.",Author,0.0,0.00173913043478,0.000955641101175
501,"Pilbratt, G. L.",Author,0.0,0.00173913043478,0.000955641101175
502,"Riedinger, J. R.",Author,0.0,0.00173913043478,0.000955641101175
503,"Passvogel, T.",Author,0.0,0.00173913043478,0.000955641101175
504,"Crone, G.",Author,0.0,0.00173913043478,0.000955641101175
505,"Doyle, D.",Author,0.0,0.00173913043478,0.000955641101175
506,"Gageur, U.",Author,0.0,0.00173913043478,0.000955641101175
507,"Heras, A. M.",Author,0.0,0.00173913043478,0.000955641101175
508,"Jewell, C.",Author,0.0,0.00173913043478,0.000955641101175
509,"Metcalfe, L.",Author,0.0,0.00173913043478,0.000955641101175
510,"Ott, S.",Author,0.0,0.00173913043478,0.000955641101175
511,"Schmidt, M.",Author,0.0,0.00173913043478,0.000955641101175
512,"Klypin, Anatoly",Author,0.0,0.00173913043478,0.000848161729492
513,"Kravtsov, Andrey V.",Author,0.0,0.00173913043478,0.000848161729492
514,"Valenzuela, Octavio",Author,0.0,0.00173913043478,0.000848161729492
515,"Prada, Francisco",Author,0.0,0.00173913043478,0.000848161729492
516,"Seiberg, N.",Author,0.0,0.00173913043478,0.00109816171168
517,"Witten, E.",Author,0.0,0.00173913043478,0.00109816171168
518,"Wolf, Alan",Author,0.0,0.00173913043478,0.00113803354915
519,"Swift, Jack B.",Author,0.0,0.00173913043478,0.00113803354915
520,"Swinney, Harry L.",Author,0.0,0.00173913043478,0.00113803354915
521,"Vastano, John A.",Author,0.0,0.00173913043478,0.00113803354915
522,"Miller, Glenn E.",Author,0.0,0.00173913043478,0.000928786654459
523,"Scalo, John M.",Author,0.0,0.00173913043478,0.000928786654459
524,"Tremonti, Christy",Author,0.0,0.00173913043478,0.000838396545174
525,"Ridgway, Susan E.",Author,0.0,0.00173913043478,0.000838396545174
526,"Hall, Patrick B.",Author,0.0,0.00173913043478,0.000838396545174
527,"Ivezić, Željko",Author,0.0,0.00173913043478,0.000838396545174
528,"Richards, Gordon T.",Author,0.0,0.00173913043478,0.000838396545174
529,"Schneider, Donald P.",Author,0.0,0.00173913043478,0.000838396545174
530,"Abell, George O.",Author,0.0,0.00173913043478,0.000928786654459
531,"Larson, R. B.",Author,0.0,0.00173913043478,0.000838396545174
532,"Pringle, J. E.",Author,0.0036703975868,0.00347826086957,0.00142260723285
533,"Emery, V. J.",Author,0.0,0.00173913043478,0.000964005058639
534,"Scalo, J. M.",Author,0.0,0.00173913043478,0.00173611111111
535,"Bardeen, James M.",Author,0.0,0.00173913043478,0.000908910155458
536,"Steinhardt, Paul J.",Author,0.0,0.00173913043478,0.000908910155458
537,"Turner, Michael S.",Author,0.0,0.00173913043478,0.000908910155458
538,Physical Review B,Journal,0.000218148765339,0.015652173913,0.00811560510537
539,The Astrophysical Journal,Journal,0.271624680866,0.24347826087,0.0967450052887
540,The Astronomical Journal,Journal,0.0641455190772,0.0869565217391,0.0339683269908
541,The Astrophysical Journal Supplement Series,Journal,0.121021555176,0.121739130435,0.0550097284849
542,Astronomy and Astrophysics,Journal,0.00655052264808,0.0817391304348,0.0384182015781
543,Nature Materials,Journal,1.21193758521e-05,0.00347826086957,0.00225389863548
544,Geochimica et Cosmochimica Acta,Journal,0.00200575670353,0.00347826086957,0.00183459941081
545,Communications in Mathematical Physics,Journal,0.0,0.00173913043478,0.00101223063134
546,Reviews of Modern Physics,Journal,0.0159793970611,0.0765217391304,0.0352961570149
547,Astronomy and Astrophysics Supplement Series,Journal,0.000272685956673,0.0173913043478,0.00891304185466
548,Monthly Notices of the Royal Astronomical Society,Journal,0.058326634284,0.0713043478261,0.0278614123073
549,,Journal,0.0139275193994,0.015652173913,0.00693383730079
550,Physics Letters B,Journal,9.08953188911e-06,0.00521739130435,0.00222129724298
551,Publications of the Astronomical Society of the Pacific,Journal,0.0275291622481,0.0260869565217,0.0123310723352
552,Nature,Journal,0.0410309142609,0.0417391304348,0.0183959802328
553,Annual Review of Astronomy and Astrophysics,Journal,0.0302140419575,0.0347826086957,0.0137376136727
554,Physica B Condensed Matter,Journal,0.0,0.00173913043478,0.00173611111111
555,Physical Review Letters,Journal,0.00664141796697,0.0295652173913,0.0140636562502
556,Physical Review D,Journal,0.000518103317679,0.0208695652174,0.00915173620256
557,Physical Review,Journal,0.000218148765339,0.015652173913,0.00811560510537
558,Astronomical Data Analysis Software and Systems V,Journal,0.0,0.00173913043478,0.00173611111111
559,Chinese Physics C,Journal,1.21193758521e-05,0.00347826086957,0.00225389863548
560,International Journal of Modern Physics D,Journal,1.81790637782e-05,0.00521739130435,0.00333098460968
561,Physics Reports,Journal,0.00627177700348,0.0278260869565,0.0132639660166
562,Journal of Computational Physics,Journal,0.0,0.00173913043478,0.00173611111111
563,ESA Special Publication,Journal,0.0,0.00173913043478,0.00173611111111
564,Annals of Physics,Journal,0.0,0.00173913043478,0.00173611111111
565,Science,Journal,0.0,0.00173913043478,0.00121832358674
566,Earth and Planetary Science Letters,Journal,6.05968792607e-06,0.00347826086957,0.00253354786039
567,Physical Review C,Journal,1.81790637782e-05,0.00521739130435,0.00333098460968
568,Journal of Geophysical Research,Journal,6.05968792607e-05,0.00869565217391,0.00492585810824
569,European Physical Journal C,Journal,0.0,0.00173913043478,0.00121832358674
570,Reports on Progress in Physics,Journal,6.05968792607e-06,0.00347826086957,0.00253354786039
571,Physical Review A,Journal,6.05968792607e-05,0.00869565217391,0.00492585810824
572,Nuclear Physics B,Journal,6.05968792607e-05,0.00869565217391,0.00492585810824
573,Solar Physics,Journal,0.000472655658234,0.0226086956522,0.0113053521025
574,Physica D Nonlinear Phenomena,Journal,3.63581275564e-05,0.00695652173913,0.00412842135896
575,Fundamentals of Cosmic Physics,Journal,0.0,0.00173913043478,0.00173611111111
