id,source,target
0,0,538
1,1,538
2,2,539
3,3,539
4,4,539
5,5,539
6,5,540
7,6,539
8,6,540
9,7,539
10,7,540
11,8,540
12,9,540
13,10,540
14,11,540
15,12,540
16,13,539
17,13,540
18,14,539
19,14,540
20,15,540
21,16,540
22,17,540
23,18,540
24,19,540
25,20,540
26,21,540
27,22,540
28,23,540
29,24,539
30,24,540
31,25,538
32,26,538
33,27,541
34,28,541
35,29,541
36,30,541
37,31,541
38,32,541
39,33,541
40,34,541
41,35,541
42,36,541
43,37,541
44,38,541
45,39,541
46,40,541
47,41,541
48,42,541
49,43,541
50,44,542
51,45,542
52,46,565
53,46,543
54,47,543
55,48,544
56,49,544
57,49,553
58,50,539
59,51,539
60,52,539
61,53,541
62,54,541
63,55,541
64,56,541
65,57,541
66,58,541
67,59,541
68,60,541
69,61,539
70,62,552
71,62,539
72,63,552
73,63,539
74,63,548
75,64,538
76,65,538
77,66,545
78,66,556
79,67,546
80,68,546
81,68,555
82,69,547
83,70,547
84,71,539
85,72,548
86,73,548
87,74,546
88,75,546
89,76,549
90,77,539
91,77,540
92,77,549
93,78,546
94,79,546
95,80,546
96,81,556
97,81,550
98,82,556
99,82,550
100,83,556
101,83,550
102,84,546
103,85,546
104,86,546
105,87,546
106,88,539
107,88,551
108,89,540
109,90,549
110,91,552
111,92,552
112,93,552
113,94,552
114,95,552
115,96,553
116,96,539
117,97,541
118,98,541
119,99,546
120,100,546
121,101,546
122,102,546
123,103,546
124,104,561
125,104,546
126,105,546
127,106,546
128,107,546
129,108,553
130,109,553
131,110,546
132,111,546
133,112,546
134,113,546
135,114,546
136,115,541
137,116,554
138,117,546
139,118,546
140,119,546
141,120,539
142,121,539
143,122,549
144,123,540
145,124,540
146,125,540
147,126,540
148,127,540
149,128,540
150,129,540
151,130,555
152,131,555
153,132,555
154,133,555
155,134,549
156,135,556
157,136,546
158,137,546
159,138,546
160,139,539
161,140,557
162,141,557
163,142,551
164,143,558
165,144,539
166,145,539
167,146,539
168,146,548
169,147,539
170,148,539
171,149,539
172,150,539
173,151,539
174,152,539
175,153,539
176,153,548
177,154,539
178,154,548
179,155,539
180,156,539
181,157,539
182,158,539
183,159,557
184,160,559
185,161,569
186,161,559
187,162,560
188,163,560
189,164,560
190,165,552
191,165,548
192,166,540
193,167,553
194,168,557
195,169,557
196,170,539
197,171,539
198,172,553
199,173,553
200,174,553
201,175,539
202,176,539
203,177,539
204,178,539
205,179,546
206,180,546
207,181,548
208,182,555
209,183,561
210,184,561
211,185,561
212,186,553
213,186,539
214,187,539
215,188,539
216,189,555
217,190,555
218,191,555
219,192,541
220,193,541
221,194,539
222,195,539
223,196,553
224,197,552
225,198,552
226,199,552
227,200,552
228,201,552
229,202,552
230,203,552
231,204,552
232,205,552
233,206,552
234,207,552
235,208,552
236,209,552
237,210,552
238,211,539
239,211,540
240,212,553
241,212,539
242,212,540
243,213,539
244,213,540
245,214,539
246,214,540
247,215,539
248,215,540
249,216,539
250,216,540
251,217,539
252,217,540
253,218,539
254,218,540
255,219,539
256,219,540
257,220,553
258,220,539
259,220,540
260,221,540
261,222,539
262,223,539
263,224,539
264,225,539
265,226,539
266,227,539
267,228,539
268,229,539
269,230,539
270,231,539
271,232,539
272,233,539
273,234,539
274,235,539
275,236,539
276,237,539
277,238,539
278,239,539
279,240,553
280,240,539
281,241,539
282,242,551
283,243,551
284,244,547
285,245,547
286,246,547
287,247,547
288,248,541
289,249,541
290,250,541
291,251,541
292,252,541
293,253,541
294,254,541
295,255,541
296,256,539
297,256,548
298,256,541
299,257,562
300,258,557
301,259,557
302,260,557
303,261,539
304,262,563
305,263,539
306,264,551
307,265,551
308,266,551
309,267,539
310,267,548
311,268,548
312,269,539
313,269,541
314,270,539
315,271,561
316,272,561
317,273,556
318,274,548
319,275,548
320,276,561
321,277,561
322,278,561
323,279,561
324,280,561
325,281,548
326,282,539
327,283,564
328,284,539
329,285,539
330,286,539
331,287,539
332,288,539
333,289,539
334,290,539
335,291,539
336,292,549
337,293,549
338,294,539
339,295,539
340,296,539
341,296,548
342,297,556
343,298,546
344,299,546
345,300,546
346,301,546
347,302,546
348,303,561
349,304,561
350,305,561
351,306,548
352,307,548
353,308,548
354,309,548
355,310,548
356,311,548
357,312,548
358,313,553
359,314,553
360,315,553
361,316,540
362,317,540
363,318,540
364,319,540
365,320,540
366,321,540
367,322,542
368,323,542
369,324,542
370,325,542
371,326,561
372,327,540
373,328,540
374,329,566
375,330,566
376,331,539
377,332,539
378,333,567
379,334,567
380,335,567
381,336,542
382,337,542
383,338,555
384,339,555
385,340,555
386,341,555
387,342,555
388,343,555
389,344,555
390,345,553
391,345,539
392,346,553
393,347,552
394,348,552
395,349,556
396,350,546
397,351,542
398,352,542
399,353,542
400,354,542
401,355,542
402,356,542
403,357,542
404,358,542
405,359,542
406,360,542
407,361,542
408,362,542
409,363,542
410,364,542
411,365,542
412,366,542
413,367,542
414,368,542
415,369,542
416,370,542
417,371,539
418,372,539
419,373,539
420,374,539
421,375,539
422,376,539
423,377,539
424,378,561
425,379,568
426,380,568
427,381,568
428,382,568
429,383,568
430,384,539
431,385,557
432,386,549
433,387,539
434,388,546
435,389,546
436,390,546
437,391,546
438,392,538
439,393,538
440,394,538
441,395,540
442,396,570
443,397,570
444,398,539
445,399,539
446,400,539
447,401,539
448,402,541
449,403,541
450,404,541
451,405,541
452,406,541
453,407,541
454,408,541
455,409,541
456,410,541
457,411,541
458,412,541
459,413,541
460,414,539
461,414,541
462,415,541
463,416,541
464,417,541
465,418,541
466,419,541
467,420,541
468,421,541
469,422,541
470,423,541
471,424,541
472,425,541
473,426,539
474,427,539
475,428,539
476,429,539
477,430,571
478,431,571
479,432,571
480,433,571
481,434,571
482,435,541
483,436,541
484,437,541
485,438,547
486,439,547
487,440,547
488,441,547
489,442,553
490,443,539
491,444,539
492,444,548
493,445,539
494,445,548
495,446,539
496,446,548
497,447,539
498,448,539
499,449,539
500,450,539
501,450,548
502,451,539
503,451,548
504,452,546
505,453,548
506,454,548
507,455,548
508,456,539
509,457,539
510,457,548
511,458,539
512,459,539
513,459,549
514,460,539
515,461,556
516,462,551
517,463,551
518,464,551
519,465,551
520,466,551
521,467,551
522,468,551
523,469,551
524,470,539
525,471,539
526,472,539
527,473,539
528,474,539
529,475,548
530,476,548
531,477,572
532,478,572
533,479,572
534,480,542
535,481,542
536,482,542
537,483,542
538,484,542
539,485,542
540,486,573
541,487,573
542,488,573
543,489,573
544,490,573
545,491,573
546,492,573
547,493,573
548,494,573
549,495,573
550,496,573
551,497,573
552,498,573
553,499,542
554,500,542
555,501,542
556,502,542
557,503,542
558,504,542
559,505,542
560,506,542
561,507,542
562,508,542
563,509,542
564,510,542
565,511,542
566,512,539
567,513,539
568,514,539
569,515,539
570,516,572
571,517,572
572,518,574
573,519,574
574,520,574
575,521,574
576,522,541
577,523,541
578,524,548
579,525,548
580,526,548
581,527,548
582,528,548
583,529,548
584,530,541
585,531,548
586,532,553
587,532,548
588,533,555
589,534,575
590,535,556
591,536,556
592,537,556
